OrderID,CustomerID,OrderDate,OrderValue
1,89,2024-03-24,2005.4
2,474,2026-02-12,1695.94
3,392,2025-12-16,866.82
4,76,2026-03-03,1448.77
5,118,2025-07-29,2979.44
6,272,2025-06-01,2290.43
7,164,2025-12-20,1578.08
8,101,2025-06-01,3193.58
9,220,2024-04-20,2402.3999999999996
10,42,2024-07-29,3234.1800000000003
11,470,2026-02-24,4644.5599999999995
12,294,2026-02-04,953.72
13,91,2025-07-16,611.07
14,417,2024-06-03,3366.04
15,178,2025-02-09,1775.38
16,460,2026-03-15,3309.52
17,482,2025-05-08,1363.1
18,488,2025-09-20,280.72
19,434,2025-09-02,1397.07
20,57,2025-12-18,1680.78
21,441,2024-07-11,3517.97
22,305,2025-09-16,1419.41
23,118,2024-12-19,3373.3900000000003
24,24,2026-03-16,1991.78
25,242,2023-09-25,3244.21
26,55,2025-06-12,2819.86
27,351,2024-07-30,3212.58
28,51,2026-03-15,2347.8599999999997
29,480,2025-11-05,931.38
30,302,2025-12-21,1661.84
31,349,2025-05-03,2225.05
32,419,2026-01-03,420.37
33,230,2026-02-27,4079.43
34,70,2025-07-06,2743.59
35,474,2025-04-09,821.66
36,410,2026-01-02,2191.98
37,192,2025-07-28,2936.8999999999996
38,474,2026-01-01,3846.8399999999997
39,220,2025-08-01,5061.8099999999995
40,280,2025-12-09,1317.94
41,203,2025-07-26,2186.21
42,48,2024-10-10,779.0
43,402,2025-05-07,3026.68
44,280,2026-01-01,11.57
45,167,2025-04-11,3247.09
46,327,2024-04-04,4514.84
47,190,2026-01-30,4089.04
48,124,2025-07-31,3236.67
49,246,2024-05-03,1862.0800000000002
50,167,2025-07-11,4512.4400000000005
51,298,2025-11-13,1598.21
52,416,2026-02-04,1408.6399999999999
53,36,2026-02-28,3966.87
54,300,2025-02-27,817.6
55,113,2026-01-17,1211.01
56,33,2025-05-29,4470.76
57,480,2025-12-17,2907.34
58,451,2025-07-19,1255.07
59,457,2026-01-21,4388.39
60,155,2025-10-03,2848.0800000000004
61,387,2025-11-09,2756.44
62,38,2026-03-02,3471.66
63,407,2026-03-13,2941.98
64,6,2024-10-25,2174.0699999999997
65,332,2025-10-17,2045.1100000000001
66,395,2025-12-22,2200.33
67,397,2025-08-16,2406.65
68,67,2025-03-16,606.81
69,154,2023-07-01,2068.87
70,468,2026-01-15,4796.79
71,101,2026-01-03,1779.57
72,388,2023-06-23,2310.5
73,316,2025-04-02,2377.24
74,76,2025-08-07,2269.26
75,259,2025-12-28,280.72
76,163,2025-07-05,992.56
77,90,2025-12-03,3325.05
78,148,2026-01-08,992.56
79,51,2026-03-16,3494.79
80,400,2024-11-12,3622.94
81,476,2025-04-17,3844.35
82,33,2025-08-21,2779.27
83,205,2026-03-12,842.16
84,393,2025-05-09,3870.58
85,134,2025-04-01,4182.52
86,463,2026-02-02,1661.28
87,407,2026-03-14,1533.34
88,243,2026-03-11,1300.23
89,262,2024-09-30,3600.6
90,167,2024-10-03,2746.13
91,318,2025-08-16,2757.56
92,367,2025-01-16,1990.49
93,67,2024-09-09,3373.0699999999997
94,353,2026-03-16,2361.15
95,379,2023-06-10,3878.1099999999997
96,494,2024-07-05,2994.4399999999996
97,148,2025-05-27,3367.61
98,265,2026-02-08,3088.75
99,21,2026-02-16,635.6800000000001
100,94,2025-06-06,3960.68
101,163,2025-07-07,800.1800000000001
102,3,2025-10-05,1300.23
103,173,2025-02-08,3042.65
104,455,2024-07-17,1397.07
105,125,2024-08-02,3457.78
106,230,2025-07-27,3775.5
107,487,2025-07-18,11.57
108,18,2025-08-26,2368.13
109,498,2025-02-22,1727.91
110,233,2026-02-18,1226.4
111,300,2025-05-03,842.16
112,487,2025-12-15,778.7
113,292,2025-07-29,4007.31
114,465,2026-01-25,2061.8
115,264,2025-01-29,416.11
116,97,2025-05-04,3418.45
117,182,2025-09-02,2816.9900000000002
118,133,2026-02-03,3198.19
119,112,2025-11-06,4083.08
120,182,2024-02-04,866.82
121,14,2025-12-27,2306.96
122,339,2024-10-24,3620.6499999999996
123,216,2025-08-24,1533.0
124,187,2025-08-18,11.57
125,68,2024-07-23,3883.08
126,271,2026-01-15,1218.73
127,26,2024-01-20,3567.16
128,337,2026-01-14,1729.49
129,308,2025-04-06,4426.44
130,263,2026-01-22,427.68
131,455,2024-05-13,1094.85
132,278,2025-01-07,2720.61
133,335,2023-12-08,2966.68
134,160,2026-03-05,3372.63
135,225,2024-01-31,2662.11
136,447,2024-03-26,1168.25
137,207,2025-09-14,2520.8199999999997
138,105,2026-01-01,3586.66
139,425,2024-09-14,1897.6399999999999
140,402,2025-12-15,3815.72
141,109,2024-08-09,931.38
142,270,2025-05-06,547.86
143,221,2025-02-17,2517.65
144,311,2023-11-30,1766.67
145,132,2025-12-26,465.69
146,83,2025-11-20,3330.66
147,11,2025-07-27,2141.12
148,295,2025-04-07,476.86
149,218,2025-02-13,1095.72
150,369,2026-03-03,3032.34
151,195,2026-02-19,4773.37
152,204,2026-03-10,3414.1099999999997
153,74,2025-09-22,1232.49
154,73,2024-12-18,3062.9700000000003
155,77,2023-12-27,885.6600000000001
156,203,2024-12-26,2007.01
157,466,2026-02-26,817.6
158,458,2025-09-30,992.56
159,466,2025-10-26,1430.58
160,432,2025-09-30,3999.19
161,415,2024-05-04,2272.71
162,152,2023-09-13,3139.84
163,366,2025-10-22,3246.51
164,333,2024-08-16,388.09
165,45,2026-02-28,2934.1499999999996
166,39,2026-01-26,3339.0299999999997
167,208,2025-04-16,1630.94
168,462,2026-03-16,561.44
169,324,2026-03-11,357.15999999999997
170,340,2026-02-24,3282.37
171,294,2025-12-06,476.86
172,491,2025-07-25,2744.4
173,220,2024-03-20,2191.69
174,18,2025-03-25,2947.83
175,241,2025-08-27,1267.2
176,463,2026-02-24,3250.0599999999995
177,452,2026-03-14,2868.39
178,358,2026-02-27,2545.07
179,86,2025-12-28,836.48
180,434,2025-02-09,1942.94
181,142,2025-12-25,2415.81
182,394,2025-05-11,3624.46
183,366,2025-02-18,1036.77
184,154,2025-07-04,2465.66
185,52,2025-10-17,561.44
186,345,2024-09-22,1430.58
187,255,2025-12-28,2478.48
188,202,2024-05-09,1231.77
189,300,2026-02-10,2885.91
190,384,2024-11-14,1465.29
191,182,2024-01-05,2899.21
192,304,2025-01-10,2441.2
193,134,2026-01-05,2048.8500000000004
194,53,2025-03-13,1691.1200000000001
195,9,2025-11-14,2200.08
196,368,2025-12-21,2866.49
197,485,2026-02-03,2264.7000000000003
198,452,2026-02-21,1109.3799999999999
199,4,2026-02-14,2899.08
200,201,2024-05-15,3017.24
201,314,2025-10-08,2505.77
202,333,2023-10-30,2573.8599999999997
203,428,2024-07-15,3651.54
204,235,2025-08-07,1983.98
205,77,2025-12-23,1773.59
206,141,2024-07-05,1168.05
207,425,2025-05-14,1935.87
208,111,2025-02-22,1750.9
209,336,2026-01-08,202.27
210,94,2025-02-09,3105.33
211,296,2024-04-27,2955.5699999999997
212,180,2025-04-14,465.69
213,192,2026-02-23,2864.74
214,410,2026-03-08,2126.97
215,306,2025-01-25,1813.71
216,221,2024-11-20,2486.26
217,270,2025-11-12,4268.37
218,129,2025-07-19,866.82
219,164,2025-05-06,2034.87
220,53,2024-09-05,4562.42
221,262,2025-06-11,1300.23
222,275,2026-03-15,3766.27
223,466,2025-10-11,2851.3599999999997
224,182,2025-10-19,1703.2600000000002
225,100,2025-04-20,1010.62
226,67,2024-09-09,1430.58
227,402,2024-11-03,2201.94
228,337,2025-07-09,2319.48
229,463,2026-02-08,2963.93
230,497,2025-11-09,3510.89
231,67,2024-05-24,885.6600000000001
232,9,2026-02-09,1202.76
233,209,2025-08-18,2549.83
234,93,2025-02-06,1837.19
235,336,2025-04-18,11.57
236,165,2024-11-11,1194.83
237,6,2024-08-08,1483.68
238,225,2025-07-20,2019.5700000000002
239,364,2025-08-05,3250.38
240,132,2025-07-11,2645.75
241,34,2025-10-26,1469.88
242,23,2025-06-01,2578.11
243,54,2026-02-21,303.86
244,325,2026-01-15,2734.99
245,4,2025-09-06,2956.88
246,330,2025-06-18,3981.14
247,72,2025-08-26,1107.29
248,393,2025-07-26,691.18
249,445,2024-10-15,2583.52
250,122,2026-02-01,2741.81
251,44,2026-02-10,953.72
252,26,2023-08-24,921.84
253,329,2026-02-19,798.1500000000001
254,291,2023-10-27,931.38
255,418,2025-07-10,1092.43
256,31,2025-10-30,1002.45
257,334,2026-02-21,2851.79
258,380,2025-08-27,2314.3
259,353,2024-04-28,691.55
260,265,2026-03-03,3534.98
261,326,2024-10-29,23.14
262,19,2026-01-09,3533.2799999999997
263,468,2024-11-13,2074.65
264,391,2025-12-25,1232.49
265,446,2026-01-16,34.71
266,398,2025-08-26,1724.01
267,213,2025-10-15,3975.53
268,349,2024-07-26,2089.58
269,375,2026-03-16,3106.43
270,273,2025-11-12,1168.04
271,345,2024-12-03,4053.67
272,346,2025-12-19,1168.05
273,252,2024-12-22,4398.34
274,185,2025-08-27,931.38
275,342,2025-06-08,4110.24
276,251,2026-01-24,1317.94
277,234,2025-10-11,729.9
278,304,2025-03-26,778.7
279,459,2025-07-07,4357.73
280,65,2025-06-23,3961.41
281,159,2026-03-04,2715.24
282,373,2025-07-16,1375.57
283,162,2025-07-27,3183.6499999999996
284,242,2025-03-27,3289.38
285,247,2026-02-09,2620.96
286,233,2026-02-20,1226.4
287,251,2025-05-11,983.47
288,118,2025-07-10,729.9
289,417,2023-12-02,3709.69
290,206,2025-07-26,3751.6299999999997
291,448,2026-03-11,3567.29
292,260,2025-11-28,3881.7799999999997
293,274,2024-08-22,2337.76
294,428,2025-07-25,2096.64
295,182,2024-04-06,1397.07
296,447,2025-01-27,4794.17
297,440,2025-10-17,3014.14
298,154,2025-07-09,4936.67
299,88,2025-08-11,2749.3599999999997
300,308,2024-11-21,1428.67
301,261,2025-10-11,408.8
302,346,2026-02-04,1448.9699999999998
303,72,2025-11-06,2361.96
304,366,2026-03-12,821.66
305,475,2026-03-11,4150.92
306,158,2026-03-14,496.28
307,74,2025-12-08,2131.62
308,236,2025-02-15,3136.2
309,139,2025-08-06,2258.0
310,341,2023-12-25,842.21
311,328,2026-03-08,1715.9099999999999
312,27,2026-03-03,1898.15
313,37,2025-08-31,3651.55
314,100,2026-03-03,4425.91
315,27,2026-02-28,3319.3199999999997
316,116,2025-06-28,1355.44
317,381,2024-05-18,1776.1699999999998
318,75,2025-08-12,2298.9
319,141,2024-07-26,2657.98
320,420,2025-11-25,5271.77
321,400,2024-08-15,1232.49
322,404,2025-11-08,1769.56
323,37,2025-02-13,2034.4699999999998
324,18,2025-12-27,2532.7200000000003
325,93,2023-06-28,3172.6800000000003
326,434,2025-11-12,2133.34
327,452,2026-03-08,2832.58
328,451,2025-04-20,408.8
329,265,2025-11-02,2259.75
330,27,2025-07-15,1537.17
331,148,2025-10-21,364.95
332,135,2025-12-10,410.83
333,395,2026-03-03,1989.6999999999998
334,270,2025-04-15,1488.84
335,331,2025-07-22,3458.83
336,319,2026-03-14,2516.67
337,455,2024-02-13,1059.42
338,171,2026-03-13,404.54
339,496,2024-03-17,3802.49
340,70,2025-08-09,1520.35
341,164,2024-12-20,2401.2
342,299,2025-07-24,3392.25
343,56,2025-04-06,3604.4700000000003
344,487,2025-09-06,2464.77
345,202,2024-04-06,410.83
346,94,2025-08-03,2466.76
347,365,2025-11-06,1094.85
348,133,2026-01-01,3212.21
349,40,2026-02-22,2919.42
350,219,2024-05-03,2566.0
351,387,2025-06-19,1572.9
352,302,2024-11-13,3442.98
353,333,2025-03-30,1873.55
354,468,2025-10-19,1048.34
355,139,2024-11-17,2292.79
356,306,2026-02-05,1978.76
357,371,2025-10-01,2766.1
358,122,2026-02-21,3256.56
359,232,2024-05-23,2678.61
360,180,2026-01-04,1739.48
361,412,2026-03-05,2913.09
362,279,2025-10-28,1991.4099999999999
363,87,2025-03-30,2119.44
364,435,2025-09-05,2623.5
365,483,2025-08-03,2768.7299999999996
366,294,2025-12-12,3491.02
367,213,2025-09-03,4396.32
368,453,2026-02-16,817.6
369,266,2025-07-13,2231.61
370,327,2023-09-03,817.6
371,199,2025-12-28,561.44
372,9,2026-02-25,2326.76
373,7,2025-10-26,4433.7699999999995
374,177,2025-07-12,778.7
375,6,2024-04-29,1488.84
376,357,2024-05-17,3153.85
377,327,2024-06-28,1551.56
378,210,2025-08-14,3547.94
379,298,2024-10-23,4284.21
380,264,2026-03-14,2705.96
381,176,2025-02-24,1276.97
382,259,2025-12-22,1919.4299999999998
383,139,2025-02-05,1839.3799999999999
384,78,2025-09-28,1094.85
385,273,2025-07-26,2107.66
386,369,2026-03-15,3052.98
387,125,2023-06-12,3069.8399999999997
388,444,2023-09-05,885.63
389,226,2026-03-09,4644.88
390,264,2025-04-22,2199.54
391,418,2026-01-11,874.49
392,222,2025-04-22,992.56
393,382,2025-09-21,4548.2
394,415,2024-12-31,404.54
395,416,2025-01-18,2954.13
396,277,2026-01-30,629.9499999999999
397,223,2025-11-01,842.21
398,63,2025-09-06,2564.7299999999996
399,181,2025-09-25,465.69
400,171,2023-05-23,2697.3
401,431,2026-02-12,1931.04
402,132,2025-10-28,1684.42
403,77,2025-04-14,496.28
404,377,2025-12-26,842.16
405,241,2024-10-20,2773.2200000000003
406,177,2025-11-12,2468.2799999999997
407,84,2025-09-18,364.95
408,166,2024-09-04,784.84
409,450,2025-09-13,3665.49
410,188,2026-02-21,2861.33
411,317,2024-10-14,1878.9299999999998
412,233,2025-11-13,1470.18
413,500,2025-08-29,2344.62
414,271,2023-11-07,2387.08
415,466,2025-12-26,2841.6
416,70,2025-09-03,4024.94
417,476,2026-03-15,1878.68
418,338,2025-05-17,2978.8500000000004
419,23,2025-04-24,3278.06
420,88,2026-03-09,4213.16
421,405,2025-11-25,4355.02
422,381,2024-04-04,1427.6599999999999
423,50,2025-01-22,2590.8499999999995
424,468,2025-08-23,1688.48
425,205,2026-03-15,3592.56
426,439,2025-10-10,2788.06
427,247,2026-02-26,2429.2799999999997
428,193,2026-02-22,3343.63
429,128,2026-02-26,34.71
430,84,2025-09-18,1488.84
431,439,2025-03-31,931.38
432,327,2026-02-27,2306.44
433,345,2024-08-13,3048.14
434,159,2026-02-25,2166.13
435,141,2025-03-11,2375.66
436,78,2024-04-14,364.95
437,317,2024-02-21,992.56
438,80,2025-04-04,4131.09
439,24,2026-03-15,3653.6499999999996
440,37,2025-04-03,496.28
441,51,2026-03-15,1273.28
442,233,2026-02-15,4129.5599999999995
443,180,2026-03-01,1639.26
444,282,2025-07-21,2717.13
445,357,2024-05-15,3292.25
446,219,2024-08-10,410.83
447,140,2026-03-11,2844.7
448,360,2025-11-11,2209.2799999999997
449,279,2025-09-26,4244.06
450,115,2025-09-07,3893.84
451,432,2025-01-25,2050.09
452,67,2024-05-31,1300.23
453,324,2026-02-27,2172.26
454,4,2026-02-19,444.98
455,99,2026-03-14,979.27
456,472,2025-10-30,2295.85
457,135,2025-02-05,11.57
458,296,2026-01-05,3310.43
459,311,2025-02-01,3387.54
460,301,2025-09-20,3302.17
461,259,2025-05-06,1896.27
462,110,2025-03-04,3425.61
463,253,2026-03-07,3327.51
464,4,2025-10-27,3849.55
465,325,2025-04-15,1232.49
466,455,2023-12-30,404.54
467,69,2026-02-27,202.27
468,294,2026-02-04,2872.4500000000003
469,465,2026-02-01,3529.5599999999995
470,356,2026-03-01,1922.44
471,15,2025-10-10,2102.07
472,362,2024-12-14,3241.02
473,346,2026-02-10,2481.42
474,467,2026-02-27,2064.27
475,380,2025-10-15,3100.85
476,188,2026-02-23,3523.6
477,53,2024-08-23,3207.2299999999996
478,383,2025-12-23,691.18
479,133,2025-08-05,3993.5899999999997
480,425,2025-10-22,433.41
481,397,2025-10-23,2890.21
482,49,2023-12-04,3036.51
483,425,2025-02-17,1989.71
484,427,2025-10-03,3979.24
485,145,2024-06-28,5967.38
486,84,2026-01-11,1554.0
487,24,2026-03-15,1838.48
488,376,2025-12-23,874.49
489,43,2025-07-14,2713.5
490,40,2025-10-15,3113.95
491,343,2025-12-21,842.16
492,414,2024-04-11,3354.0099999999998
493,357,2025-02-15,4335.59
494,421,2026-03-05,2952.42
495,288,2026-03-12,4663.49
496,325,2025-09-22,3785.39
497,417,2024-10-28,1036.77
498,366,2025-09-03,1499.3899999999999
499,359,2025-08-25,994.8500000000001
500,356,2026-01-27,410.83
501,246,2024-02-27,3539.87
502,392,2026-01-20,496.28
503,41,2025-04-20,885.6600000000001
504,495,2026-02-01,3499.1
505,417,2024-12-03,2615.04
506,321,2025-06-24,606.81
507,449,2023-08-27,3833.87
508,304,2024-12-11,4232.9400000000005
509,361,2025-06-10,3168.95
510,174,2026-01-30,2144.71
511,32,2026-01-22,2025.4
512,244,2025-06-15,976.86
513,89,2024-02-25,11.57
514,342,2026-01-18,1798.2
515,167,2023-09-20,4361.75
516,219,2025-10-11,2790.6099999999997
517,451,2025-04-14,3930.74
518,426,2025-10-03,4488.99
519,100,2025-05-28,3514.4399999999996
520,125,2023-11-26,2638.67
521,270,2025-12-31,5129.74
522,349,2025-11-02,1300.23
523,418,2025-05-13,3840.33
524,264,2026-01-22,3563.51
525,347,2024-10-23,2507.4700000000003
526,346,2026-01-27,1397.07
527,158,2026-03-15,3965.5499999999997
528,208,2026-02-20,408.8
529,16,2026-03-15,2602.81
530,2,2025-09-21,2914.88
531,153,2026-01-23,11.57
532,299,2024-09-22,1198.1799999999998
533,338,2026-02-19,2244.6800000000003
534,257,2023-12-22,1094.85
535,165,2025-12-20,2218.96
536,257,2025-07-09,1168.25
537,68,2024-08-23,691.18
538,431,2025-05-09,2866.49
539,173,2024-10-16,2138.5
540,139,2024-03-21,992.56
541,12,2024-03-02,496.28
542,498,2024-01-27,3850.5299999999997
543,2,2026-03-15,389.35
544,454,2024-12-06,3908.49
545,139,2024-05-13,3115.52
546,130,2026-01-10,34.71
547,475,2026-01-11,404.54
548,157,2026-03-06,2739.8500000000004
549,172,2025-07-19,1728.27
550,299,2024-01-08,476.86
551,334,2026-01-19,1513.9499999999998
552,207,2025-06-24,3365.33
553,460,2025-12-27,3728.12
554,129,2025-12-01,3048.96
555,185,2025-10-16,2163.87
556,26,2025-06-28,547.86
557,438,2025-12-25,931.38
558,335,2024-01-02,1397.07
559,67,2023-12-25,1430.58
560,187,2025-08-06,1631.0100000000002
561,108,2024-12-24,1469.42
562,422,2026-02-08,3065.03
563,449,2026-02-13,870.23
564,287,2024-09-12,3147.34
565,339,2024-05-06,2391.52
566,310,2025-04-15,2433.84
567,133,2026-01-28,1878.6799999999998
568,325,2025-10-18,2398.47
569,139,2026-01-14,1543.35
570,385,2025-08-24,23.14
571,226,2026-03-13,942.95
572,237,2024-04-03,2666.84
573,199,2025-12-31,645.6700000000001
574,489,2026-01-30,1488.84
575,480,2025-09-27,1036.77
576,37,2026-01-20,2322.8599999999997
577,218,2026-01-17,1338.44
578,469,2024-07-13,710.54
579,429,2024-06-17,4756.37
580,258,2025-04-10,1430.98
581,107,2026-03-15,1168.05
582,409,2025-09-20,496.28
583,23,2025-10-20,1296.33
584,289,2026-02-26,2881.52
585,18,2024-12-21,2316.82
586,186,2024-08-18,994.8500000000001
587,176,2024-12-03,1750.67
588,124,2025-10-20,2390.16
589,441,2025-08-01,2890.73
590,455,2025-02-24,2963.97
591,366,2024-10-13,2776.19
592,97,2024-08-27,3464.96
593,67,2025-05-23,1226.4
594,271,2025-07-24,972.27
595,295,2025-02-17,3645.25
596,117,2025-05-12,2226.18
597,226,2026-03-08,1666.69
598,295,2025-09-07,2050.09
599,153,2026-02-22,3003.94
600,56,2025-06-13,1794.27
601,127,2024-08-14,1334.94
602,415,2025-10-16,547.86
603,478,2026-02-04,4683.01
604,206,2025-10-14,2789.0699999999997
605,348,2025-10-24,729.9
606,271,2024-11-17,1946.28
607,240,2025-06-03,292.29
608,246,2026-01-12,4443.91
609,299,2024-11-07,23.14
610,197,2024-12-10,3236.14
611,85,2025-10-02,433.41
612,408,2024-08-31,2782.68
613,366,2024-09-10,2780.2
614,90,2025-11-02,2662.58
615,8,2024-08-08,3495.97
616,433,2025-07-20,2232.36
617,276,2026-01-08,4263.43
618,67,2024-11-17,476.86
619,347,2024-03-26,1659.76
620,285,2026-01-20,3779.46
621,130,2025-12-25,916.96
622,267,2025-03-29,1226.4
623,105,2025-11-16,931.38
624,225,2025-10-20,3246.05
625,301,2025-08-25,3359.7299999999996
626,91,2026-03-05,3677.6099999999997
627,268,2025-10-19,3527.6499999999996
628,145,2026-01-05,866.82
629,163,2023-11-15,2466.16
630,444,2025-12-08,561.44
631,292,2026-01-16,2722.7200000000003
632,194,2025-08-20,3711.8
633,334,2026-02-28,5437.0599999999995
634,220,2024-07-06,5621.719999999999
635,408,2024-06-15,3164.25
636,24,2026-03-16,2026.23
637,389,2024-01-25,2467.35
638,299,2025-02-11,4565.049999999999
639,455,2024-01-18,1907.04
640,128,2026-01-31,2747.93
641,387,2025-01-28,5028.3
642,71,2024-04-21,3218.33
643,358,2025-12-24,2523.83
644,474,2025-12-05,1338.49
645,27,2025-05-18,866.82
646,226,2026-03-09,992.56
647,189,2025-10-22,1720.55
648,475,2026-01-19,2638.1400000000003
649,253,2026-03-14,4548.42
650,123,2025-09-08,1453.23
651,458,2024-10-05,1722.48
652,359,2025-05-26,482.99
653,317,2023-12-16,280.72
654,306,2026-01-15,1854.37
655,417,2025-05-14,4425.49
656,82,2025-12-28,1094.85
657,251,2025-11-02,364.95
658,440,2026-01-17,2204.39
659,8,2025-08-18,2319.47
660,419,2025-12-23,992.56
661,347,2025-03-31,404.54
662,248,2023-10-25,3671.68
663,254,2023-06-21,4389.35
664,171,2023-09-26,225.41000000000003
665,367,2025-02-17,1686.4
666,74,2025-12-03,3356.0699999999997
667,318,2025-06-02,364.95
668,126,2025-01-28,2467.35
669,475,2025-12-29,1664.33
670,410,2026-03-03,2805.44
671,454,2023-11-20,606.81
672,276,2026-02-11,2321.25
673,313,2024-12-03,345.59
674,224,2026-02-09,1387.13
675,93,2026-03-06,2832.37
676,31,2024-09-16,389.35
677,410,2026-01-22,2321.21
678,272,2025-09-14,3089.86
679,345,2024-11-06,11.57
680,314,2025-12-29,900.9200000000001
681,147,2026-03-11,3398.9300000000003
682,220,2024-07-26,3816.18
683,476,2025-04-05,1899.6699999999998
684,209,2024-02-05,2125.07
685,480,2025-09-22,202.27
686,111,2025-01-09,11.57
687,118,2025-09-29,2064.13
688,289,2025-06-07,3665.49
689,88,2025-08-02,3766.3599999999997
690,463,2026-02-21,3157.04
691,54,2025-09-24,345.59
692,247,2026-02-17,2331.0
693,350,2025-01-05,1922.25
694,393,2024-08-15,3285.08
695,378,2024-05-02,1958.51
696,169,2025-06-04,3571.25
697,374,2025-03-02,3294.72
698,135,2025-11-03,3714.5
699,499,2025-11-07,3439.99
700,53,2025-07-24,2350.82
701,319,2026-03-12,3068.1099999999997
702,311,2025-12-09,3197.8199999999997
703,483,2025-10-10,1726.06
704,171,2023-10-22,2628.23
705,455,2026-02-16,1816.5100000000002
706,159,2026-02-27,1637.03
707,104,2025-12-25,4726.43
708,250,2024-10-20,3560.0899999999997
709,390,2025-06-13,2824.34
710,17,2025-08-10,23.14
711,33,2026-03-14,433.41
712,396,2025-12-04,1428.4699999999998
713,65,2025-01-28,3530.58
714,229,2025-01-09,2310.5
715,42,2025-12-27,2945.13
716,390,2025-06-21,2754.66
717,269,2025-09-23,2821.52
718,180,2025-03-26,821.66
719,80,2025-09-24,1397.07
720,155,2026-03-03,1244.06
721,36,2025-11-01,3807.38
722,367,2025-02-09,364.95
723,71,2025-10-18,2859.46
724,234,2026-01-27,3396.18
725,233,2025-10-15,4349.6
726,217,2024-08-29,696.83
727,137,2025-09-16,1036.77
728,468,2025-11-10,971.76
729,349,2024-07-22,1259.58
730,254,2023-07-05,2594.85
731,382,2025-04-21,11.57
732,334,2025-12-20,2272.74
733,141,2024-05-04,2145.2400000000002
734,6,2025-12-26,2406.02
735,140,2026-01-21,1964.83
736,177,2025-11-09,1698.18
737,43,2025-12-21,465.69
738,133,2025-11-24,821.66
739,329,2025-12-04,931.38
740,236,2024-08-12,2400.54
741,420,2025-12-29,3830.98
742,371,2026-02-09,729.9
743,142,2025-03-11,4406.08
744,290,2025-09-08,3755.9399999999996
745,209,2023-10-21,817.6
746,46,2025-04-01,1242.69
747,49,2025-10-21,11.57
748,76,2025-08-24,1844.87
749,42,2025-05-30,3170.5699999999997
750,90,2026-02-25,992.56
751,306,2025-11-11,1830.48
752,377,2026-02-18,3468.79
753,119,2025-11-15,3313.9300000000003
754,282,2025-11-11,2417.96
755,290,2024-02-29,2689.3
756,64,2025-06-20,1206.95
757,173,2025-09-03,4318.73
758,467,2026-02-09,3440.93
759,90,2026-01-14,408.8
760,357,2025-12-16,1451.4
761,184,2024-04-10,714.3199999999999
762,371,2025-04-24,2955.84
763,15,2025-08-25,1897.9499999999998
764,381,2024-10-13,2005.1000000000001
765,428,2025-05-02,2525.8999999999996
766,450,2025-10-14,2675.44
767,445,2024-08-26,3768.78
768,497,2026-02-20,931.38
769,182,2024-03-05,3618.51
770,145,2023-08-27,2831.87
771,197,2023-12-21,4140.74
772,230,2025-04-30,1206.95
773,289,2024-08-28,3101.84
774,255,2024-10-29,1427.6599999999999
775,479,2025-11-10,1817.0700000000002
776,61,2025-06-06,822.45
777,199,2025-12-22,2851.66
778,57,2026-02-17,2400.54
779,139,2024-12-02,2444.59
780,468,2026-01-27,1744.6000000000001
781,240,2024-08-15,433.41
782,244,2026-01-20,4522.299999999999
783,473,2025-07-13,1850.9499999999998
784,119,2024-08-26,2668.92
785,150,2025-12-16,2922.71
786,158,2026-03-15,1431.78
787,114,2026-01-16,817.6
788,79,2025-06-28,364.95
789,464,2025-11-21,1990.0099999999998
790,81,2025-07-17,1976.5
791,308,2024-11-22,778.7
792,232,2025-08-01,3346.59
793,228,2025-12-30,1168.05
794,153,2026-02-23,1226.4
795,262,2025-07-23,1311.8
796,82,2024-09-26,4178.84
797,276,2025-12-27,2106.79
798,179,2025-06-27,2997.44
799,345,2024-06-09,1320.94
800,441,2024-07-04,3390.98
801,107,2026-02-25,3651.2400000000002
802,162,2025-08-02,4860.610000000001
803,95,2026-01-26,3651.02
804,474,2026-02-08,380.29999999999995
805,7,2026-01-13,1554.0
806,395,2025-10-29,2331.44
807,482,2025-05-01,3020.96
808,17,2025-07-08,3222.33
809,151,2025-10-15,280.72
810,14,2026-01-26,992.56
811,249,2025-05-27,1283.29
812,268,2023-12-10,404.54
813,440,2025-11-29,2744.61
814,7,2025-11-06,2762.68
815,363,2025-10-10,775.78
816,164,2024-06-01,2618.7799999999997
817,118,2025-10-16,1243.08
818,267,2025-05-02,2952.61
819,279,2026-03-05,1567.06
820,53,2026-03-15,404.54
821,492,2025-04-09,1425.97
822,110,2025-04-23,2892.25
823,203,2025-10-03,729.9
824,32,2026-02-21,2967.09
825,309,2025-02-19,753.04
826,491,2024-12-24,1595.25
827,283,2024-08-31,2430.77
828,465,2026-01-15,2921.87
829,454,2024-11-25,3209.9500000000003
830,431,2024-12-19,2204.8199999999997
831,183,2026-02-06,2476.7599999999998
832,58,2024-11-15,1843.68
833,395,2026-02-11,953.72
834,124,2026-02-24,2893.77
835,278,2023-11-06,4053.76
836,465,2026-01-23,1893.3799999999999
837,142,2025-11-17,1627.3200000000002
838,492,2023-09-05,1297.12
839,191,2025-06-20,3330.82
840,498,2025-05-19,881.4000000000001
841,393,2025-08-05,3902.5
842,458,2025-08-29,2439.4
843,415,2025-09-25,4277.45
844,315,2026-03-06,465.69
845,423,2025-05-16,23.14
846,33,2024-07-26,1232.49
847,75,2025-08-28,931.38
848,102,2025-07-26,1875.3200000000002
849,347,2024-05-11,3601.89
850,48,2026-01-24,345.59
851,260,2025-11-20,1195.59
852,363,2025-06-24,3633.42
853,60,2026-03-11,3048.29
854,279,2025-11-11,2474.76
855,27,2025-06-04,1611.6499999999999
856,11,2025-12-05,2965.7
857,230,2025-12-22,866.82
858,400,2024-08-16,626.31
859,344,2025-01-26,345.59
860,406,2025-07-01,1098.3200000000002
861,456,2026-03-05,1473.63
862,89,2024-11-09,2618.05
863,241,2024-09-27,2096.04
864,14,2026-02-07,2070.04
865,334,2026-01-01,606.81
866,454,2026-02-21,2663.0699999999997
867,259,2025-10-10,3725.85
868,459,2025-09-30,1191.19
869,6,2025-04-24,345.59
870,49,2024-01-23,2373.6
871,394,2025-10-27,899.66
872,160,2025-03-23,2814.7999999999997
873,7,2025-10-03,4392.4
874,93,2025-08-15,963.97
875,32,2025-07-22,2932.25
876,227,2025-11-04,1672.94
877,188,2026-03-16,778.7
878,173,2024-05-31,996.16
879,480,2025-04-15,2527.34
880,374,2025-08-11,3321.85
881,330,2025-11-21,2707.5699999999997
882,446,2024-07-06,4141.79
883,408,2024-07-14,3972.6
884,436,2025-12-03,798.36
885,92,2024-12-08,408.8
886,326,2025-04-13,1776.48
887,102,2026-01-28,1766.67
888,155,2025-02-03,3932.35
889,306,2025-10-11,2145.6000000000004
890,387,2025-03-23,433.41
891,441,2025-03-04,280.72
892,53,2025-10-03,975.54
893,182,2025-05-11,3627.77
894,298,2026-01-17,465.69
895,436,2025-06-26,3969.42
896,245,2026-03-13,388.09
897,113,2025-05-10,2718.0499999999997
898,322,2025-07-18,3135.3199999999997
899,32,2025-03-23,641.52
900,49,2024-02-16,3265.8199999999997
901,250,2024-07-05,3538.99
902,118,2025-10-26,994.8500000000001
903,469,2024-02-28,389.35
904,467,2026-02-02,1168.05
905,398,2024-10-05,1661.28
906,39,2025-04-13,866.82
907,9,2026-03-13,2502.92
908,235,2025-12-05,476.86
909,147,2025-09-22,1583.56
910,56,2025-05-18,1063.5
911,497,2025-07-15,4473.7699999999995
912,455,2025-02-20,23.14
913,464,2024-09-26,3570.71
914,423,2025-09-04,1168.05
915,474,2026-03-08,433.41
916,465,2025-07-01,3969.85
917,291,2026-02-05,1720.76
918,343,2024-06-06,3981.34
919,147,2025-01-18,1044.43
920,18,2025-09-12,2286.31
921,143,2025-08-11,815.37
922,184,2024-05-12,3201.12
923,407,2026-03-07,1752.88
924,28,2026-01-23,1572.59
925,308,2025-03-01,1405.31
926,296,2025-09-18,3800.97
927,206,2026-03-14,866.82
928,92,2024-11-12,2553.4300000000003
929,394,2025-05-20,988.4300000000001
930,117,2025-03-09,757.58
931,363,2025-09-04,1789.87
932,463,2026-02-18,3429.1400000000003
933,137,2025-06-21,2731.96
934,297,2025-12-07,2695.75
935,131,2025-11-14,3142.22
936,307,2025-11-23,821.66
937,464,2025-04-05,280.72
938,241,2023-12-01,23.14
939,49,2024-03-28,778.7
940,164,2025-06-13,202.27
941,288,2026-03-11,3168.08
942,487,2025-08-15,2383.17
943,111,2025-09-14,1036.77
944,488,2025-12-31,23.14
945,108,2024-11-27,1434.76
946,198,2026-02-25,2250.8
947,143,2025-09-27,1357.51
948,152,2024-01-24,3871.5299999999997
949,38,2025-03-28,3233.18
950,138,2025-03-13,1283.29
951,44,2025-09-11,2279.1099999999997
952,296,2024-04-11,2127.9
953,486,2025-02-06,992.56
954,109,2024-07-07,2618.04
955,194,2025-08-07,2879.33
956,12,2024-01-30,1886.3799999999999
957,393,2025-08-31,1835.21
958,272,2025-09-05,1563.1299999999999
959,105,2026-03-02,3786.45
960,285,2026-02-16,2094.69
961,405,2025-12-23,2548.23
962,6,2024-08-04,2530.69
963,97,2024-05-19,1421.08
964,369,2026-02-26,1578.8799999999999
965,401,2025-01-30,3413.71
966,63,2025-06-20,4342.87
967,488,2025-10-19,900.8199999999999
968,308,2026-01-20,1297.9899999999998
969,425,2024-07-26,769.49
970,420,2025-05-31,1793.21
971,62,2026-01-12,2267.6
972,4,2025-11-27,4822.92
973,230,2024-09-17,3513.55
974,257,2025-08-28,4099.36
975,160,2025-05-10,1971.71
976,228,2026-03-16,1304.28
977,128,2025-10-11,750.13
978,433,2024-08-17,1168.05
979,426,2024-09-19,1989.06
980,306,2025-10-27,817.6
981,201,2025-06-19,1894.31
982,402,2025-10-07,3202.74
983,495,2026-02-26,1980.99
984,288,2026-03-12,476.86
985,103,2025-09-03,3246.0
986,125,2023-07-08,3335.91
987,296,2024-02-11,611.07
988,37,2024-11-17,3657.29
989,258,2025-06-08,2597.91
990,228,2026-01-12,2345.81
991,100,2025-05-05,878.3900000000001
992,197,2024-04-14,3011.82
993,201,2025-08-16,2499.09
994,397,2026-03-16,4436.49
995,397,2026-01-31,3785.41
996,117,2026-02-20,1571.21
997,25,2023-12-29,225.41000000000003
998,204,2025-12-27,1789.36
999,258,2024-10-15,3074.58
1000,212,2024-11-17,2490.49
1001,252,2024-11-03,202.27
1002,161,2025-05-10,931.38
1003,56,2025-02-27,2628.1899999999996
1004,2,2025-10-20,2797.3199999999997
1005,155,2025-04-09,1080.8600000000001
1006,468,2026-01-18,1538.19
1007,399,2023-09-13,2206.3599999999997
1008,28,2025-11-05,2269.26
1009,266,2025-01-17,3474.59
1010,157,2026-03-03,866.82
1011,482,2025-11-09,2253.95
1012,297,2025-08-08,1054.58
1013,344,2025-08-10,1048.34
1014,319,2026-02-22,389.35
1015,251,2026-02-20,1342.21
1016,295,2025-03-22,649.45
1017,148,2025-10-14,202.27
1018,375,2026-03-13,34.71
1019,90,2026-01-11,1838.32
1020,57,2025-12-14,2544.91
1021,299,2024-04-03,4148.71
1022,431,2025-12-24,1965.6999999999998
1023,247,2026-03-16,2286.7200000000003
1024,165,2025-02-15,821.66
1025,20,2026-02-01,2334.85
1026,5,2026-02-28,1783.04
1027,414,2024-07-26,2068.3599999999997
1028,204,2026-02-20,667.96
1029,15,2025-07-27,2470.79
1030,157,2026-03-04,3711.41
1031,466,2025-12-25,2634.08
1032,256,2024-12-16,1407.03
1033,97,2024-07-11,1903.85
1034,156,2025-04-22,2733.94
1035,179,2025-05-08,2050.09
1036,230,2025-07-16,1458.25
1037,472,2026-02-25,561.44
1038,130,2025-11-10,2610.61
1039,77,2025-03-08,2557.8100000000004
1040,108,2024-10-10,769.49
1041,54,2025-10-29,953.72
1042,309,2025-09-07,23.14
1043,253,2026-03-12,2016.49
1044,454,2025-05-30,2085.38
1045,316,2025-07-06,410.83
1046,43,2025-12-11,1048.34
1047,53,2025-04-30,3864.0899999999997
1048,446,2024-03-07,2014.55
1049,295,2025-05-08,3290.0299999999997
1050,189,2024-07-21,2375.29
1051,107,2026-03-07,1186.61
1052,238,2024-05-23,3511.01
1053,142,2025-06-22,3929.79
1054,411,2025-01-05,3405.06
1055,244,2025-10-12,714.3199999999999
1056,170,2025-07-31,1807.79
1057,43,2025-09-28,3150.12
1058,86,2026-01-23,801.84
1059,369,2026-02-27,3426.48
1060,316,2025-05-07,2342.0099999999998
1061,9,2026-02-15,1502.46
1062,12,2024-04-02,866.82
1063,61,2025-10-25,3497.46
1064,432,2025-02-23,2231.0099999999998
1065,462,2026-03-14,1883.1
1066,467,2026-02-09,606.81
1067,103,2025-09-15,876.52
1068,464,2025-07-06,842.16
1069,34,2025-09-22,2569.37
1070,244,2025-05-27,3667.93
1071,8,2025-05-03,3192.7599999999998
1072,109,2024-11-07,3104.36
1073,350,2025-03-13,606.81
1074,286,2025-11-14,561.44
1075,83,2025-12-11,2273.94
1076,399,2024-10-19,496.28
1077,33,2024-04-21,3391.99
1078,495,2025-11-29,1535.51
1079,174,2025-08-14,2815.75
1080,399,2024-05-14,691.18
1081,180,2024-07-23,1922.25
1082,120,2025-08-02,4595.5
1083,283,2025-05-16,1488.84
1084,224,2025-07-14,2291.18
1085,92,2025-08-14,2796.93
1086,340,2024-11-27,4073.5
1087,36,2026-01-24,1256.85
1088,407,2026-03-14,1719.99
1089,273,2025-11-15,3027.43
1090,207,2025-07-13,2883.13
1091,230,2025-02-07,778.7
1092,355,2026-02-05,992.56
1093,451,2025-01-13,3385.1
1094,425,2024-07-06,4667.19
1095,293,2026-02-10,1057.72
1096,124,2025-09-02,3592.21
1097,204,2025-12-31,34.71
1098,495,2025-12-03,4141.18
1099,450,2026-02-26,496.28
1100,337,2024-12-22,1922.69
1101,483,2025-11-23,3000.46
1102,366,2024-10-10,1226.4
1103,41,2026-01-30,2353.7599999999998
1104,42,2025-09-25,3289.96
1105,461,2024-12-31,1297.9899999999998
1106,38,2024-10-25,2018.81
1107,7,2026-02-09,953.72
1108,21,2026-03-01,2413.7599999999998
1109,374,2025-12-09,4561.43
1110,321,2025-11-30,3410.3
1111,283,2025-09-21,3053.27
1112,320,2024-10-30,399.65999999999997
1113,77,2025-07-02,2212.7799999999997
1114,413,2025-03-20,729.9
1115,97,2025-05-29,3412.5099999999998
1116,117,2025-08-25,431.94
1117,192,2026-01-20,1226.4
1118,344,2024-12-19,909.2
1119,325,2025-04-26,23.14
1120,407,2026-03-16,3264.22
1121,380,2025-11-07,3092.66
1122,221,2026-02-17,2721.33
1123,495,2026-02-13,3448.88
1124,173,2025-06-14,2404.41
1125,394,2025-06-26,4328.0599999999995
1126,16,2026-03-01,778.7
1127,143,2025-09-08,3278.37
1128,165,2025-01-01,3419.92
1129,36,2026-02-20,2718.0499999999997
1130,253,2026-03-13,2737.3700000000003
1131,289,2024-05-12,1168.05
1132,489,2026-02-10,2636.1099999999997
1133,72,2026-02-02,1271.3600000000001
1134,293,2024-02-14,410.83
1135,251,2025-07-12,4796.4
1136,97,2024-12-09,2321.0499999999997
1137,386,2025-02-11,2595.2
1138,460,2026-01-03,2730.7900000000004
1139,340,2025-07-21,389.35
1140,269,2025-12-09,1168.05
1141,114,2025-12-21,635.6800000000001
1142,466,2025-11-22,2572.63
1143,419,2025-11-27,3677.74
1144,231,2025-05-02,4423.78
1145,181,2025-01-15,2556.77
1146,134,2025-05-19,3045.27
1147,164,2024-05-01,476.86
1148,59,2025-10-03,3486.5499999999997
1149,401,2025-10-10,1103.48
1150,352,2023-07-15,3924.0299999999997
1151,405,2026-02-12,3144.96
1152,31,2024-05-09,777.0
1153,81,2025-09-10,2228.0499999999997
1154,241,2025-08-05,4918.76
1155,183,2026-02-07,1470.21
1156,442,2025-10-31,3611.71
1157,148,2025-07-11,4117.44
1158,366,2025-10-18,1448.62
1159,287,2024-03-06,1447.6
1160,330,2025-10-29,465.69
1161,140,2025-12-01,901.5300000000001
1162,195,2026-02-04,2654.01
1163,160,2025-12-16,2636.14
1164,161,2025-06-30,885.6600000000001
1165,305,2025-05-28,3736.65
1166,252,2025-06-09,1079.1399999999999
1167,218,2025-02-12,1300.23
1168,388,2023-08-24,764.61
1169,143,2026-01-03,1054.47
1170,164,2025-12-26,34.71
1171,25,2025-10-03,591.62
1172,221,2026-03-12,990.84
1173,494,2024-10-15,202.27
1174,91,2025-07-13,1038.3000000000002
1175,319,2026-02-14,507.84999999999997
1176,438,2025-08-25,778.7
1177,154,2025-07-04,667.96
1178,163,2025-11-25,1458.25
1179,422,2025-11-22,1389.73
1180,443,2026-02-27,2281.16
1181,450,2025-10-31,1786.0299999999997
1182,251,2025-09-29,931.38
1183,68,2024-07-01,1663.82
1184,406,2025-06-04,2297.88
1185,351,2024-12-09,3008.66
1186,479,2026-01-20,2733.7799999999997
1187,275,2025-03-30,4360.15
1188,12,2025-12-07,1907.04
1189,157,2026-02-26,1729.49
1190,53,2025-05-17,2092.58
1191,30,2026-01-11,1129.56
1192,252,2025-11-12,817.6
1193,448,2026-03-08,1043.01
1194,364,2025-01-14,1769.56
1195,40,2025-06-20,2706.34
1196,234,2025-07-13,1300.23
1197,46,2025-02-02,2598.63
1198,18,2025-12-13,2638.09
1199,189,2025-01-18,2732.0099999999998
1200,272,2024-08-27,1966.75
1201,136,2024-11-01,2597.95
1202,173,2024-01-05,4106.51
1203,57,2025-11-16,2239.28
1204,122,2026-02-23,23.14
1205,186,2024-07-09,822.8499999999999
1206,36,2026-02-05,1480.48
1207,6,2024-05-21,2075.08
1208,142,2025-12-20,1094.85
1209,14,2026-03-10,5051.23
1210,153,2026-02-15,1010.73
1211,420,2025-08-22,1659.8100000000002
1212,190,2025-12-07,3292.63
1213,387,2025-06-22,3577.65
1214,130,2025-11-02,2380.15
1215,344,2026-02-13,2322.12
1216,400,2025-07-09,202.27
1217,398,2025-01-07,2131.62
1218,398,2025-08-01,1841.4099999999999
1219,125,2025-01-03,817.6
1220,249,2025-09-02,2868.12
1221,24,2026-03-16,950.7900000000001
1222,113,2025-10-09,1861.67
1223,396,2026-01-20,992.56
1224,211,2023-12-13,2534.25
1225,402,2025-02-19,606.81
1226,82,2026-02-04,2359.23
1227,113,2024-11-16,4545.32
1228,335,2025-01-25,1705.9199999999998
1229,229,2025-03-13,1820.54
1230,109,2025-12-23,2427.36
1231,354,2025-08-03,1922.87
1232,385,2026-02-08,842.16
1233,2,2024-10-31,4066.13
1234,88,2025-11-30,1017.6399999999999
1235,392,2024-03-24,1207.11
1236,326,2024-09-16,1134.44
1237,43,2025-08-27,3034.07
1238,61,2025-02-03,1403.65
1239,437,2024-04-01,2651.66
1240,451,2025-02-16,3083.1
1241,365,2025-04-20,1277.65
1242,441,2025-05-16,3583.2799999999997
1243,392,2026-01-29,496.28
1244,276,2025-11-07,2082.16
1245,170,2025-03-21,1226.4
1246,22,2025-12-10,2093.7200000000003
1247,349,2024-09-17,236.98000000000002
1248,401,2026-03-02,2080.0299999999997
1249,6,2025-09-07,2663.0699999999997
1250,41,2026-01-11,364.95
1251,478,2026-01-15,2615.62
1252,204,2026-02-19,1300.23
1253,417,2024-01-29,1897.9499999999998
1254,430,2025-11-29,3325.71
1255,168,2026-03-01,3438.77
1256,187,2026-03-06,2666.5299999999997
1257,358,2026-01-29,1783.22
1258,290,2026-02-23,2099.43
1259,190,2025-09-13,837.95
1260,131,2025-06-04,2994.04
1261,301,2025-09-01,2278.55
1262,369,2026-02-21,817.6
1263,405,2026-02-19,34.71
1264,402,2024-11-02,2276.55
1265,462,2026-03-16,729.9
1266,475,2026-02-15,3283.26
1267,281,2026-03-07,2024.62
1268,340,2025-04-24,1256.42
1269,109,2024-12-09,2575.21
1270,283,2025-07-17,952.3999999999999
1271,170,2024-08-12,3241.88
1272,143,2026-02-27,1036.77
1273,459,2025-08-17,854.3399999999999
1274,46,2024-12-15,280.72
1275,443,2025-07-22,567.22
1276,281,2026-01-24,2458.8900000000003
1277,257,2023-09-15,729.9
1278,67,2024-09-04,496.28
1279,495,2026-01-22,2900.59
1280,125,2023-05-25,1445.57
1281,372,2024-05-22,2468.27
1282,182,2025-01-21,1703.04
1283,166,2024-07-19,2736.12
1284,403,2026-01-05,1298.76
1285,255,2025-08-25,4121.94
1286,264,2025-09-29,2442.82
1287,460,2025-12-14,4255.429999999999
1288,285,2025-11-17,202.27
1289,34,2025-10-07,1036.77
1290,112,2025-12-10,763.71
1291,486,2025-01-19,3525.2799999999997
1292,376,2025-08-19,496.28
1293,424,2025-12-04,2297.4
1294,248,2025-05-17,2997.5
1295,130,2025-10-26,4169.94
1296,331,2025-12-14,1589.98
1297,231,2025-04-04,1793.93
1298,120,2026-02-24,1765.92
1299,259,2026-01-10,1782.89
1300,219,2024-02-10,992.56
1301,2,2024-12-22,2678.37
1302,88,2026-02-16,777.0
1303,396,2026-03-09,635.6800000000001
1304,169,2026-01-06,1470.0100000000002
1305,490,2025-09-07,1610.9099999999999
1306,472,2024-07-30,404.54
1307,442,2025-10-28,3284.1
1308,108,2024-04-17,2965.04
1309,251,2025-11-24,2412.75
1310,24,2026-03-14,2943.02
1311,8,2025-04-01,3971.4100000000003
1312,104,2026-02-20,4308.89
1313,134,2025-03-17,926.3900000000001
1314,15,2025-11-16,476.86
1315,48,2023-09-07,3506.09
1316,82,2024-12-08,3132.52
1317,454,2025-07-04,4181.76
1318,415,2025-01-14,1187.46
1319,392,2025-04-26,1979.69
1320,229,2024-06-10,2352.84
1321,150,2024-07-23,1094.85
1322,425,2024-11-16,961.97
1323,212,2025-11-14,691.18
1324,301,2025-09-15,2098.17
1325,65,2025-12-18,2526.63
1326,367,2025-11-10,2150.7200000000003
1327,6,2024-11-09,2596.56
1328,294,2026-01-26,2920.67
1329,376,2026-02-08,1558.0
1330,192,2026-03-08,345.59
1331,100,2026-03-07,691.18
1332,389,2025-07-02,3988.51
1333,26,2024-02-17,606.81
1334,374,2024-10-04,11.57
1335,309,2025-05-01,2330.65
1336,305,2025-08-17,4102.88
1337,191,2024-12-05,3091.8599999999997
1338,107,2026-02-17,2142.39
1339,21,2025-12-15,1122.53
1340,198,2026-03-02,2472.7400000000002
1341,351,2025-05-09,1317.94
1342,182,2025-07-18,2001.03
1343,267,2026-01-27,389.35
1344,109,2025-05-03,1488.84
1345,464,2025-09-23,3262.94
1346,345,2024-11-22,3153.1
1347,433,2024-12-31,1685.77
1348,413,2025-07-13,2311.29
1349,349,2025-10-16,2672.64
1350,450,2025-11-14,1036.77
1351,343,2024-12-07,1098.3200000000002
1352,198,2026-02-01,3115.04
1353,259,2025-06-03,1547.5
1354,244,2025-05-05,2141.12
1355,224,2024-11-04,3864.63
1356,446,2025-03-02,833.23
1357,473,2025-07-29,887.53
1358,156,2025-05-12,2696.28
1359,7,2026-01-12,1533.2
1360,491,2024-06-04,4279.04
1361,429,2025-11-17,3747.7599999999998
1362,324,2026-02-23,1430.58
1363,445,2024-01-13,3043.3
1364,95,2025-11-29,2188.15
1365,112,2025-11-22,4233.75
1366,323,2025-10-07,2546.54
1367,41,2025-02-08,1945.25
1368,331,2025-07-19,3217.08
1369,61,2023-05-12,2627.5299999999997
1370,296,2025-04-10,2011.19
1371,130,2026-01-23,1651.03
1372,323,2025-07-21,4194.98
1373,439,2025-07-17,2647.17
1374,3,2025-03-15,3714.15
1375,401,2025-10-21,908.8
1376,499,2025-11-23,2676.98
1377,491,2024-07-09,3663.47
1378,271,2025-10-16,1862.98
1379,362,2024-08-14,2272.71
1380,49,2023-08-14,2637.67
1381,307,2025-07-06,992.56
1382,432,2025-04-03,4019.77
1383,1,2026-03-15,2376.95
1384,22,2025-04-30,1572.06
1385,239,2023-12-06,1689.58
1386,177,2026-01-28,2249.3199999999997
1387,40,2024-08-08,1300.23
1388,96,2025-09-03,1428.2600000000002
1389,399,2024-02-05,4206.24
1390,55,2024-02-14,4422.009999999999
1391,263,2025-09-20,1575.18
1392,380,2026-01-11,1661.28
1393,451,2025-07-27,2156.04
1394,152,2023-11-23,3574.7
1395,35,2026-02-19,4430.73
1396,404,2025-03-19,1937.0099999999998
1397,267,2025-07-04,1159.3
1398,225,2025-11-05,3213.8100000000004
1399,127,2025-04-23,2528.1
1400,483,2025-07-30,2281.91
1401,191,2024-07-26,4900.02
1402,471,2024-12-27,778.7
1403,96,2023-11-16,2329.58
1404,69,2025-09-24,5408.83
1405,166,2025-01-26,4255.11
1406,84,2025-11-07,606.81
1407,490,2025-12-30,410.83
1408,156,2025-05-01,3438.69
1409,385,2023-10-19,1665.18
1410,81,2024-10-08,433.41
1411,21,2025-04-12,2569.25
1412,381,2026-01-31,1854.49
1413,110,2025-08-25,757.58
1414,419,2025-12-18,1720.5500000000002
1415,273,2025-06-06,2542.05
1416,400,2024-04-11,1885.1
1417,434,2024-11-06,3104.98
1418,144,2025-08-21,3536.62
1419,66,2024-03-11,953.72
1420,164,2025-09-02,1094.85
1421,445,2024-01-11,1186.61
1422,227,2025-03-01,2806.1499999999996
1423,369,2026-02-17,2441.5
1424,217,2025-06-01,2379.05
1425,220,2025-01-11,2802.65
1426,313,2025-07-05,433.41
1427,393,2024-04-29,1319.02
1428,13,2026-01-29,1458.25
1429,12,2025-07-15,389.35
1430,44,2025-09-14,4472.6900000000005
1431,380,2025-11-24,1310.28
1432,240,2025-11-18,3341.62
1433,325,2025-11-06,992.56
1434,482,2026-02-24,2891.61
1435,107,2026-03-04,729.9
1436,488,2025-11-19,3015.71
1437,432,2025-07-25,410.83
1438,67,2024-09-01,1094.85
1439,489,2025-01-23,1239.04
1440,165,2024-11-13,2794.9
1441,98,2025-12-07,1846.3999999999999
1442,84,2026-01-02,3894.5499999999997
1443,133,2026-02-26,4319.18
1444,257,2024-11-15,1450.0
1445,228,2026-03-16,1338.1499999999999
1446,264,2026-01-29,1645.51
1447,234,2026-01-09,3594.13
1448,402,2023-09-08,2321.25
1449,431,2023-12-24,2227.0
1450,382,2025-10-24,1406.55
1451,233,2025-10-24,2350.79
1452,73,2025-11-23,2805.5299999999997
1453,159,2026-03-16,1861.67
1454,325,2025-06-14,4146.22
1455,148,2026-01-29,2018.58
1456,13,2026-02-26,280.72
1457,383,2023-07-27,2948.86
1458,123,2025-06-11,3181.8
1459,195,2026-03-11,2371.0
1460,149,2025-03-26,1397.07
1461,148,2025-12-15,3412.5099999999998
1462,93,2026-03-16,1222.14
1463,206,2026-02-26,866.82
1464,457,2025-10-01,3142.06
1465,462,2026-03-14,2157.78
1466,92,2024-12-19,1765.92
1467,450,2025-12-21,4550.33
1468,2,2026-02-26,3387.64
1469,452,2026-03-05,2648.85
1470,317,2025-12-07,2780.52
1471,351,2023-08-03,3486.44
1472,214,2025-05-25,1357.51
1473,417,2025-07-04,842.21
1474,186,2025-06-13,3969.86
1475,207,2025-04-09,465.69
1476,482,2025-10-07,2668.55
1477,39,2024-12-05,2184.0
1478,88,2026-02-14,3416.23
1479,360,2025-09-12,1986.04
1480,297,2026-02-02,5334.139999999999
1481,375,2026-03-16,280.72
1482,243,2026-02-20,817.6
1483,402,2024-05-19,992.56
1484,471,2024-11-18,3406.42
1485,332,2025-11-08,1890.95
1486,235,2025-10-20,4786.95
1487,80,2025-06-23,691.55
1488,86,2026-02-20,837.95
1489,207,2025-05-31,292.29
1490,356,2026-01-03,1513.6399999999999
1491,259,2025-06-05,3407.6
1492,338,2025-08-16,702.6700000000001
1493,307,2025-01-02,345.59
1494,324,2026-02-10,953.72
1495,319,2026-03-12,2217.83
1496,192,2026-03-15,2327.34
1497,332,2025-11-30,2735.16
1498,64,2025-09-26,3707.67
1499,124,2025-08-15,202.27
1500,401,2026-02-26,3000.23
1501,418,2024-08-26,2271.52
1502,498,2024-09-17,3136.67
1503,243,2026-02-20,729.9
1504,456,2026-02-09,1036.77
1505,489,2023-11-29,1412.93
1506,314,2025-10-31,23.14
1507,387,2025-03-29,1684.42
1508,491,2026-02-21,3569.95
1509,349,2025-07-21,857.16
1510,215,2024-02-26,4497.84
1511,116,2025-10-24,2254.71
1512,351,2025-11-17,3435.6800000000003
1513,281,2026-01-27,893.4499999999999
1514,476,2025-10-28,2993.79
1515,240,2026-03-08,3643.07
1516,267,2025-05-24,2722.69
1517,211,2024-12-19,2644.0899999999997
1518,85,2025-07-25,1725.82
1519,288,2026-03-13,773.75
1520,129,2025-04-12,1099.98
1521,219,2026-02-03,1937.0099999999998
1522,84,2025-12-19,1397.07
1523,42,2025-11-10,2411.67
1524,168,2026-03-04,2550.56
1525,229,2025-02-10,931.38
1526,460,2025-12-29,3450.5
1527,175,2023-07-14,1300.23
1528,123,2024-10-26,1878.9299999999998
1529,136,2025-05-03,1445.57
1530,156,2025-10-30,4112.719999999999
1531,277,2026-02-12,2598.38
1532,442,2024-01-09,2576.63
1533,234,2026-03-15,2520.2200000000003
1534,346,2026-02-02,606.81
1535,316,2025-12-02,1920.7199999999998
1536,31,2024-06-22,2099.8199999999997
1537,39,2025-01-11,1793.4199999999998
1538,233,2025-12-19,1098.3200000000002
1539,247,2026-02-19,1712.39
1540,486,2025-10-15,1545.95
1541,344,2025-12-23,3248.2799999999997
1542,438,2025-10-18,2468.2799999999997
1543,119,2025-11-11,3036.36
1544,95,2026-01-10,3448.3199999999997
1545,277,2025-10-27,3144.94
1546,233,2025-09-15,4676.67
1547,155,2025-08-09,2641.67
1548,202,2023-10-20,1944.37
1549,299,2025-06-01,2141.2200000000003
1550,18,2024-08-14,2579.05
1551,171,2025-03-16,2010.16
1552,409,2026-02-24,1861.46
1553,156,2025-04-29,1036.77
1554,306,2025-01-19,2616.08
1555,388,2023-12-06,1818.9099999999999
1556,430,2025-06-23,4454.59
1557,49,2025-03-17,404.54
1558,224,2026-02-19,1989.55
1559,171,2024-01-01,4103.4400000000005
1560,230,2025-06-30,476.86
1561,80,2025-08-12,1309.69
1562,345,2024-10-28,2670.33
1563,400,2024-06-06,2466.97
1564,109,2024-12-20,3620.6800000000003
1565,209,2025-09-11,5391.93
1566,118,2026-03-02,11.57
1567,242,2024-09-22,1168.05
1568,316,2025-05-14,1985.65
1569,459,2025-03-15,2652.3199999999997
1570,369,2026-01-26,2409.6400000000003
1571,77,2025-02-15,1873.55
1572,3,2025-10-03,958.6899999999999
1573,266,2025-01-28,4118.99
1574,102,2025-12-03,3893.02
1575,108,2024-09-28,3096.7200000000003
1576,158,2026-03-14,1456.13
1577,384,2025-01-24,3240.14
1578,473,2023-12-26,842.16
1579,395,2025-10-17,2350.79
1580,253,2026-03-12,1231.77
1581,48,2023-06-29,3325.66
1582,346,2026-03-03,496.28
1583,346,2026-02-15,852.3100000000001
1584,325,2026-01-14,3735.6
1585,396,2025-10-27,1985.85
1586,128,2026-01-08,3720.45
1587,95,2025-12-20,2464.0
1588,197,2024-12-18,496.28
1589,274,2025-02-19,2142.39
1590,324,2026-02-22,3793.36
1591,376,2025-08-22,3607.75
1592,384,2026-02-24,2205.26
1593,39,2024-12-09,280.72
1594,143,2024-12-01,1286.55
1595,364,2024-10-27,2738.43
1596,344,2025-09-12,433.41
1597,156,2025-10-20,4405.9400000000005
1598,462,2026-03-14,2629.79
1599,143,2025-07-22,3080.83
1600,212,2024-05-23,2161.84
1601,136,2025-08-11,4417.83
1602,251,2024-12-09,4173.73
1603,496,2025-11-08,817.6
1604,292,2025-02-23,4875.74
1605,113,2024-12-30,3304.6
1606,419,2026-01-31,561.44
1607,192,2026-02-17,3208.8199999999997
1608,313,2025-07-11,2577.23
1609,452,2026-03-15,2135.0699999999997
1610,498,2025-06-18,364.95
1611,245,2025-06-16,445.53999999999996
1612,215,2024-04-28,2425.62
1613,267,2026-03-16,1226.4
1614,54,2025-12-16,3347.69
1615,150,2025-01-21,2406.6499999999996
1616,189,2025-04-30,2788.96
1617,371,2026-01-31,3731.16
1618,309,2025-05-20,1300.23
1619,210,2025-02-11,4140.21
1620,407,2026-02-27,1168.05
1621,111,2025-08-06,670.07
1622,376,2026-03-05,2864.41
1623,30,2025-04-06,1036.77
1624,62,2025-12-21,2741.34
1625,256,2025-11-04,2438.7200000000003
1626,230,2024-05-21,1362.52
1627,103,2024-09-17,606.81
1628,446,2024-05-25,1954.53
1629,196,2025-05-04,2696.31
1630,233,2026-03-08,1907.56
1631,270,2026-01-04,4006.99
1632,315,2026-02-03,2417.1000000000004
1633,156,2026-01-03,2321.25
1634,344,2024-05-13,408.8
1635,266,2025-09-09,2266.57
1636,225,2026-01-10,2097.37
1637,446,2025-05-01,1226.4
1638,213,2025-11-13,3515.58
1639,419,2026-03-03,1985.65
1640,345,2024-10-28,842.16
1641,20,2026-03-10,476.86
1642,457,2026-02-24,3533.5
1643,431,2024-04-11,1381.94
1644,240,2025-05-21,4109.8
1645,339,2024-11-22,3049.21
1646,174,2025-10-03,1036.77
1647,275,2026-01-06,2478.66
1648,346,2026-01-03,1227.3000000000002
1649,441,2026-01-17,778.7
1650,190,2025-08-19,2457.91
1651,294,2026-02-24,3537.22
1652,437,2024-12-20,3120.16
1653,68,2025-05-23,3840.2200000000003
1654,265,2025-07-24,3650.31
1655,18,2024-11-16,496.28
1656,203,2025-10-05,992.56
1657,177,2025-11-03,3287.02
1658,446,2024-06-20,1080.9
1659,386,2025-06-04,1036.77
1660,62,2025-07-06,1019.87
1661,306,2025-07-10,800.1800000000001
1662,276,2026-01-22,3130.83
1663,209,2025-09-21,5355.35
1664,416,2025-09-17,2866.4900000000002
1665,123,2026-01-27,389.35
1666,431,2025-01-16,34.71
1667,175,2024-02-22,2226.67
1668,51,2026-03-16,364.95
1669,278,2025-03-26,729.9
1670,329,2026-03-12,1904.52
1671,15,2025-08-15,2161.46
1672,202,2024-07-21,2650.59
1673,334,2025-12-31,1447.97
1674,218,2025-04-30,445.53999999999996
1675,347,2026-03-13,465.69
1676,210,2026-03-14,691.18
1677,450,2026-02-25,3774.75
1678,186,2025-06-30,3194.44
1679,431,2024-11-24,1995.77
1680,234,2026-02-24,3155.14
1681,360,2025-10-30,1851.2
1682,420,2025-07-21,5461.47
1683,488,2025-10-02,2005.31
1684,500,2024-03-18,2362.87
1685,143,2025-02-13,1311.8
1686,121,2024-11-19,3493.94
1687,359,2025-01-15,1973.83
1688,184,2024-12-27,408.8
1689,237,2025-01-19,1677.8000000000002
1690,383,2025-04-17,476.86
1691,214,2026-01-02,2643.77
1692,136,2025-12-05,389.35
1693,170,2025-04-18,2494.9
1694,284,2025-12-07,4229.93
1695,273,2026-02-10,2272.01
1696,114,2024-01-06,3334.38
1697,332,2026-01-01,3109.81
1698,316,2025-09-15,2248.18
1699,176,2026-02-05,2234.59
1700,464,2025-12-25,345.59
1701,93,2024-06-14,2310.5
1702,79,2024-12-16,1750.97
1703,486,2025-04-27,2136.96
1704,255,2025-07-12,1441.31
1705,212,2024-03-10,2735.76
1706,351,2024-03-25,1397.07
1707,264,2025-01-28,2135.09
1708,64,2026-02-15,3116.63
1709,243,2026-03-14,2883.0
1710,307,2025-03-14,1168.25
1711,356,2026-01-14,2701.1
1712,265,2026-01-10,821.66
1713,56,2026-03-10,3263.59
1714,220,2026-01-03,3610.75
1715,280,2025-07-26,3442.41
1716,278,2025-07-19,1890.1
1717,392,2024-11-13,931.38
1718,443,2025-04-07,1642.51
1719,409,2026-01-30,3972.63
1720,129,2025-08-06,3030.97
1721,27,2025-07-07,3262.74
1722,331,2026-03-04,2109.63
1723,302,2026-02-24,4796.95
1724,137,2025-07-08,691.18
1725,379,2024-03-19,3363.3199999999997
1726,58,2025-09-17,2308.53
1727,286,2025-01-02,3067.66
1728,342,2025-02-23,2401.3199999999997
1729,220,2025-02-17,3730.99
1730,326,2023-10-22,404.54
1731,18,2024-11-12,3306.59
1732,51,2026-03-16,3366.04
1733,469,2024-01-05,1500.4099999999999
1734,338,2025-07-10,1488.84
1735,125,2023-07-17,953.72
1736,450,2025-11-19,2827.69
1737,139,2024-05-27,364.95
1738,296,2023-12-14,1966.49
1739,354,2025-07-20,965.98
1740,61,2023-12-12,1351.35
1741,152,2024-05-09,4308.89
1742,307,2025-05-07,23.14
1743,429,2024-07-06,3594.91
1744,349,2025-02-13,2583.6899999999996
1745,220,2026-03-13,1323.3700000000001
1746,280,2025-10-04,2885.91
1747,365,2026-03-09,2895.3
1748,104,2026-02-07,3655.26
1749,273,2025-06-29,1665.9
1750,328,2026-02-05,1102.01
1751,75,2025-10-08,1664.26
1752,413,2026-02-17,1381.9099999999999
1753,300,2025-12-29,866.82
1754,481,2026-01-22,1094.85
1755,63,2024-10-24,2517.2799999999997
1756,24,2026-03-13,2329.2400000000002
1757,235,2025-08-22,1484.1999999999998
1758,391,2025-09-26,2730.81
1759,389,2024-04-06,2168.79
1760,41,2026-01-08,280.72
1761,260,2025-09-09,2078.9300000000003
1762,74,2025-08-31,1370.32
1763,8,2024-09-27,2026.23
1764,496,2024-08-07,3499.44
1765,292,2025-05-01,3001.68
1766,78,2024-08-25,2327.34
1767,216,2025-11-05,2087.0800000000004
1768,94,2025-12-21,2391.18
1769,455,2023-12-09,870.23
1770,452,2026-03-05,1522.19
1771,300,2025-05-05,1488.84
1772,142,2025-01-28,1212.1100000000001
1773,468,2025-10-18,2553.1
1774,279,2026-02-13,3016.3199999999997
1775,446,2024-09-07,3675.05
1776,461,2025-05-30,2850.58
1777,188,2026-03-03,1598.58
1778,42,2025-10-17,408.8
1779,339,2025-09-14,2946.2299999999996
1780,306,2024-12-04,3170.26
1781,24,2026-03-14,3414.16
1782,344,2025-01-04,2979.07
1783,51,2026-03-15,3091.3
1784,182,2026-01-02,3108.2799999999997
1785,17,2025-01-21,2278.09
1786,55,2025-04-05,3631.34
1787,181,2025-09-15,3058.15
1788,301,2025-12-09,2750.0
1789,134,2025-03-12,2206.05
1790,138,2026-01-14,778.7
1791,248,2026-01-01,3026.84
1792,198,2026-03-04,476.86
1793,400,2025-07-30,821.66
1794,374,2025-06-10,3012.13
1795,33,2024-01-19,3795.58
1796,288,2026-03-12,2161.29
1797,102,2026-03-09,1414.3700000000001
1798,154,2023-12-26,1397.07
1799,83,2026-03-05,3811.39
1800,224,2026-02-13,2121.7599999999998
1801,29,2024-11-26,280.72
1802,304,2024-05-01,3640.64
1803,338,2025-08-28,23.14
1804,147,2024-12-16,2437.89
1805,272,2025-02-19,2614.11
1806,177,2025-05-30,992.56
1807,271,2025-07-12,1914.13
1808,348,2026-01-05,1990.49
1809,478,2026-01-24,2834.24
1810,372,2025-04-08,691.18
1811,200,2025-09-08,1332.51
1812,342,2024-07-30,5315.59
1813,115,2025-08-29,4186.85
1814,121,2025-04-18,1232.49
1815,163,2025-02-17,3188.51
1816,175,2024-06-04,3684.02
1817,298,2025-06-05,2063.99
1818,402,2024-12-10,2901.85
1819,148,2026-01-08,4196.48
1820,134,2024-07-29,1563.54
1821,356,2026-02-28,2750.4
1822,456,2026-03-11,3340.99
1823,471,2024-05-08,2546.58
1824,498,2024-09-11,3774.2799999999997
1825,420,2025-08-16,1786.42
1826,417,2024-06-29,3243.77
1827,375,2026-03-14,2411.6600000000003
1828,250,2025-04-20,11.57
1829,476,2025-10-23,4496.91
1830,428,2025-01-01,2087.41
1831,56,2025-10-23,1682.95
1832,493,2025-04-13,3453.21
1833,379,2023-09-07,3946.04
1834,275,2024-11-25,3203.37
1835,80,2024-11-06,2491.92
1836,497,2026-02-16,3561.17
1837,314,2026-02-09,3596.41
1838,62,2026-01-20,1935.11
1839,68,2025-02-03,3252.85
1840,9,2026-01-05,1232.49
1841,339,2026-01-03,3541.79
1842,262,2025-10-04,817.6
1843,200,2025-07-16,1503.6499999999999
1844,267,2026-02-12,1191.19
1845,381,2025-09-29,3440.79
1846,219,2025-11-15,408.8
1847,59,2025-06-04,1821.13
1848,364,2024-11-06,2917.8199999999997
1849,4,2025-11-26,3740.48
1850,133,2025-09-06,931.38
1851,463,2026-02-28,821.66
1852,288,2026-03-13,4082.13
1853,20,2026-02-17,1244.39
1854,89,2024-05-02,778.7
1855,327,2023-09-18,3934.87
1856,440,2025-12-17,561.44
1857,475,2026-01-16,2387.94
1858,245,2024-11-26,629.9499999999999
1859,280,2025-07-03,1873.55
1860,160,2025-12-24,2301.7
1861,417,2025-06-15,3056.48
1862,461,2024-11-07,1630.5300000000002
1863,96,2025-06-03,2943.75
1864,332,2025-12-03,953.72
1865,466,2026-03-11,874.49
1866,431,2024-10-26,2831.17
1867,342,2024-04-02,280.72
1868,289,2025-01-16,3235.07
1869,196,2024-09-30,842.16
1870,221,2025-07-07,410.83
1871,262,2024-08-26,1430.58
1872,37,2025-12-28,3501.98
1873,224,2024-08-06,2526.29
1874,157,2026-03-06,1015.6099999999999
1875,183,2026-02-19,1453.72
1876,189,2024-10-27,842.16
1877,277,2026-03-06,2503.09
1878,316,2025-12-26,778.7
1879,171,2024-09-21,2850.79
1880,66,2024-08-11,3065.99
1881,143,2025-08-01,3990.06
1882,248,2025-03-10,4398.44
1883,355,2025-09-30,1300.23
1884,358,2026-01-09,2762.38
1885,445,2025-06-10,389.35
1886,487,2025-10-02,2830.7
1887,136,2025-11-23,1546.3500000000001
1888,395,2026-02-10,2072.9700000000003
1889,75,2026-03-07,2657.09
1890,315,2026-03-06,2355.0
1891,151,2025-11-01,3099.6400000000003
1892,105,2025-08-08,1300.23
1893,472,2024-08-01,2594.6400000000003
1894,331,2025-10-16,2523.11
1895,442,2024-10-20,3389.3
1896,343,2025-09-04,4330.03
1897,438,2025-11-03,4030.56
1898,368,2024-08-23,1602.24
1899,303,2024-06-24,561.44
1900,46,2024-03-20,878.1800000000001
1901,145,2024-05-11,1168.05
1902,433,2025-08-28,3614.16
1903,97,2024-08-23,2553.61
1904,246,2023-11-09,443.51
1905,496,2025-08-27,992.56
1906,15,2025-09-07,2916.95
1907,203,2025-08-18,1226.4
1908,330,2026-01-25,2663.6
1909,191,2025-08-30,1168.05
1910,131,2025-09-14,1532.2
1911,219,2025-06-08,202.27
1912,499,2026-01-15,2960.66
1913,96,2024-02-17,2491.91
1914,453,2025-11-15,1644.9099999999999
1915,93,2024-05-25,2893.38
1916,350,2025-08-18,2412.74
1917,421,2026-02-23,910.8299999999999
1918,221,2026-03-05,496.28
1919,158,2026-03-15,3311.47
1920,192,2025-08-28,3711.19
1921,146,2023-10-28,3688.62
1922,300,2025-09-30,2525.95
1923,67,2024-02-02,404.54
1924,4,2026-01-22,2493.6000000000004
1925,460,2025-12-23,3336.8999999999996
1926,30,2025-05-19,1488.84
1927,270,2025-10-12,2031.74
1928,454,2026-03-14,408.8
1929,318,2026-02-08,2631.51
1930,222,2025-01-15,2766.54
1931,444,2026-01-26,4371.37
1932,219,2025-02-05,476.86
1933,413,2025-08-08,2872.29
1934,202,2025-11-02,1805.87
1935,275,2025-05-29,611.07
1936,394,2025-09-08,3815.2799999999997
1937,176,2024-12-08,1488.84
1938,187,2026-01-29,992.56
1939,101,2024-07-02,3067.94
1940,311,2024-10-28,2607.27
1941,370,2025-10-24,1013.55
1942,205,2026-03-16,1629.92
1943,491,2024-11-26,1939.32
1944,490,2025-09-09,4934.87
1945,91,2026-01-20,1820.54
1946,141,2026-01-15,1660.3700000000001
1947,29,2023-08-18,1323.3700000000001
1948,132,2025-08-18,1508.78
1949,155,2026-01-20,1793.93
1950,62,2025-01-22,202.27
1951,287,2024-04-16,1379.04
1952,463,2026-03-01,2335.63
1953,466,2025-11-27,2306.44
1954,294,2025-12-09,1007.85
1955,450,2025-09-28,2847.1
1956,412,2024-09-27,3576.88
1957,446,2025-11-29,3930.9300000000003
1958,128,2026-02-08,2762.85
1959,67,2025-02-26,1912.4499999999998
1960,324,2026-02-13,2197.75
1961,382,2025-10-31,3937.44
1962,376,2025-09-15,2534.25
1963,11,2024-10-25,3108.55
1964,390,2025-07-25,2768.35
1965,225,2024-12-18,3863.55
1966,206,2025-03-14,364.95
1967,179,2024-09-17,410.83
1968,177,2025-05-10,11.57
1969,402,2025-07-24,2487.06
1970,226,2026-03-08,1751.8700000000001
1971,91,2025-11-27,865.3
1972,466,2026-01-20,866.82
1973,143,2025-12-09,1886.77
1974,154,2024-07-04,389.35
1975,192,2025-09-21,561.44
1976,299,2023-12-06,3148.91
1977,411,2026-01-17,3453.0699999999997
1978,465,2025-12-01,1405.31
1979,228,2026-01-29,2433.84
1980,474,2025-08-06,5260.41
1981,372,2024-03-26,2097.74
1982,200,2025-12-21,3028.6699999999996
1983,313,2025-02-25,1560.54
1984,189,2025-10-30,2913.71
1985,178,2024-04-23,1232.49
1986,242,2024-02-04,3323.06
1987,276,2025-12-25,2456.18
1988,199,2025-12-05,1232.49
1989,438,2025-08-22,1599.34
1990,50,2024-03-23,4524.34
1991,45,2025-10-27,1232.49
1992,232,2024-03-29,1036.77
1993,285,2024-10-21,821.66
1994,254,2023-08-10,1505.6799999999998
1995,454,2025-02-17,3061.68
1996,96,2023-11-22,2888.83
1997,105,2025-08-11,5021.18
1998,211,2024-02-14,4218.77
1999,32,2025-08-22,817.6
2000,35,2026-02-10,2383.6400000000003
